image,output
Graphics/form/k283.png,Graphics/lilylet/k283.lyl
Graphics/form/k330.png,Graphics/lilylet/k330.lyl
Graphics/form/k330-ii.png,Graphics/lilylet/k330-ii.lyl
Graphics/form/k309.png,Graphics/lilylet/k309.lyl
Graphics/form/k494.png,Graphics/lilylet/k494.lyl
Graphics/form/haydn-III-66-ii.png,Graphics/lilylet/haydn-III-66-ii.lyl
Graphics/form/sym101.png,Graphics/lilylet/sym101.lyl
Graphics/form/sym40.png,Graphics/lilylet/sym40.lyl
Graphics/form/xv27.png,Graphics/lilylet/xv27.lyl
Graphics/form/beethoven_18_2.png,Graphics/lilylet/beethoven_18_2.lyl
Graphics/form/beethoven_op30.png,Graphics/lilylet/beethoven_op30.lyl
Graphics/form/op2no3.png,Graphics/lilylet/op2no3.lyl
Graphics/K465-iv.png,Graphics/lilylet/K465-iv.lyl
Graphics/Op119-1.png,Graphics/lilylet/Op119-1.lyl
Graphics/Op109-iii.png,Graphics/lilylet/Op109-iii.lyl
Graphics/DMUDB.png,Graphics/lilylet/DMUDB.lyl
